{
  "Run_1": {
    "pred_accuracy": 0.4827586206896552,
    "pred_precision": 0.4,
    "pred_recall": 1.0,
    "pred_f1_score": 0.5714285714285715,
    "exp_accuracy": 0.41379310344827586,
    "exp_precision": 0.32,
    "exp_recall": 1.0,
    "exp_f1_score": 0.48484848484848486
  },
  "Run_2": {
    "pred_accuracy": 0.5172413793103449,
    "pred_precision": 0.4090909090909091,
    "pred_recall": 0.9,
    "pred_f1_score": 0.5625000000000001,
    "exp_accuracy": 0.5172413793103449,
    "exp_precision": 0.4090909090909091,
    "exp_recall": 0.9,
    "exp_f1_score": 0.5625000000000001
  },
  "Run_3": {
    "pred_accuracy": 0.5172413793103449,
    "pred_precision": 0.4090909090909091,
    "pred_recall": 0.9,
    "pred_f1_score": 0.5625000000000001,
    "exp_accuracy": 0.4827586206896552,
    "exp_precision": 0.4090909090909091,
    "exp_recall": 0.8181818181818182,
    "exp_f1_score": 0.5454545454545455
  },
  "Run_4": {
    "pred_accuracy": 0.5172413793103449,
    "pred_precision": 0.4090909090909091,
    "pred_recall": 0.9,
    "pred_f1_score": 0.5625000000000001,
    "exp_accuracy": 0.5862068965517241,
    "exp_precision": 0.5,
    "exp_recall": 0.9166666666666666,
    "exp_f1_score": 0.6470588235294118
  },
  "Run_5": {
    "pred_accuracy": 0.4827586206896552,
    "pred_precision": 0.4,
    "pred_recall": 1.0,
    "pred_f1_score": 0.5714285714285715,
    "exp_accuracy": 0.4482758620689655,
    "exp_precision": 0.36,
    "exp_recall": 1.0,
    "exp_f1_score": 0.5294117647058824
  }
}