{
  "Run_1": {
    "pred_accuracy": 0.7058823529411765,
    "pred_precision": 0.6984126984126984,
    "pred_recall": 0.9777777777777777,
    "pred_f1_score": 0.8148148148148148,
    "exp_accuracy": 0.7058823529411765,
    "exp_precision": 0.7301587301587301,
    "exp_recall": 0.9387755102040817,
    "exp_f1_score": 0.8214285714285714
  },
  "Run_2": {
    "pred_accuracy": 0.6764705882352942,
    "pred_precision": 0.6885245901639344,
    "pred_recall": 0.9333333333333333,
    "pred_f1_score": 0.7924528301886792,
    "exp_accuracy": 0.5735294117647058,
    "exp_precision": 0.5573770491803278,
    "exp_recall": 0.9444444444444444,
    "exp_f1_score": 0.7010309278350515
  },
  "Run_3": {
    "pred_accuracy": 0.6764705882352942,
    "pred_precision": 0.6885245901639344,
    "pred_recall": 0.9333333333333333,
    "pred_f1_score": 0.7924528301886792,
    "exp_accuracy": 0.6617647058823529,
    "exp_precision": 0.6557377049180327,
    "exp_recall": 0.9523809523809523,
    "exp_f1_score": 0.7766990291262135
  },
  "Run_4": {
    "pred_accuracy": 0.7058823529411765,
    "pred_precision": 0.6984126984126984,
    "pred_recall": 0.9777777777777777,
    "pred_f1_score": 0.8148148148148148,
    "exp_accuracy": 0.6911764705882353,
    "exp_precision": 0.6984126984126984,
    "exp_recall": 0.9565217391304348,
    "exp_f1_score": 0.8073394495412843
  },
  "Run_5": {
    "pred_accuracy": 0.6470588235294118,
    "pred_precision": 0.6721311475409836,
    "pred_recall": 0.9111111111111111,
    "pred_f1_score": 0.7735849056603773,
    "exp_accuracy": 0.7794117647058824,
    "exp_precision": 0.7868852459016393,
    "exp_recall": 0.96,
    "exp_f1_score": 0.8648648648648649
  }
}