{
  "Run_1": {
    "pred_accuracy": 0.6764705882352942,
    "pred_precision": 0.6825396825396826,
    "pred_recall": 0.9555555555555556,
    "pred_f1_score": 0.7962962962962964,
    "exp_accuracy": 0.7352941176470589,
    "exp_precision": 0.746031746031746,
    "exp_recall": 0.9591836734693877,
    "exp_f1_score": 0.8392857142857143
  },
  "Run_2": {
    "pred_accuracy": 0.75,
    "pred_precision": 0.7258064516129032,
    "pred_recall": 1.0,
    "pred_f1_score": 0.8411214953271028,
    "exp_accuracy": 0.5882352941176471,
    "exp_precision": 0.5645161290322581,
    "exp_recall": 0.9722222222222222,
    "exp_f1_score": 0.7142857142857143
  },
  "Run_3": {
    "pred_accuracy": 0.75,
    "pred_precision": 0.7258064516129032,
    "pred_recall": 1.0,
    "pred_f1_score": 0.8411214953271028,
    "exp_accuracy": 0.6470588235294118,
    "exp_precision": 0.6451612903225806,
    "exp_recall": 0.9523809523809523,
    "exp_f1_score": 0.7692307692307692
  },
  "Run_4": {
    "pred_accuracy": 0.75,
    "pred_precision": 0.7258064516129032,
    "pred_recall": 1.0,
    "pred_f1_score": 0.8411214953271028,
    "exp_accuracy": 0.7352941176470589,
    "exp_precision": 0.7258064516129032,
    "exp_recall": 0.9782608695652174,
    "exp_f1_score": 0.8333333333333333
  },
  "Run_5": {
    "pred_accuracy": 0.6617647058823529,
    "pred_precision": 0.6896551724137931,
    "pred_recall": 0.8888888888888888,
    "pred_f1_score": 0.7766990291262136,
    "exp_accuracy": 0.7647058823529411,
    "exp_precision": 0.7931034482758621,
    "exp_recall": 0.92,
    "exp_f1_score": 0.851851851851852
  }
}