{
  "Run_1": {
    "pred_accuracy": 0.5882352941176471,
    "pred_precision": 0.6976744186046512,
    "pred_recall": 0.6666666666666666,
    "pred_f1_score": 0.6818181818181818,
    "exp_accuracy": 0.7352941176470589,
    "exp_precision": 0.8604651162790697,
    "exp_recall": 0.7551020408163265,
    "exp_f1_score": 0.8043478260869564
  },
  "Run_2": {
    "pred_accuracy": 0.6029411764705882,
    "pred_precision": 0.78125,
    "pred_recall": 0.5555555555555556,
    "pred_f1_score": 0.6493506493506493,
    "exp_accuracy": 0.7647058823529411,
    "exp_precision": 0.8125,
    "exp_recall": 0.7222222222222222,
    "exp_f1_score": 0.7647058823529411
  },
  "Run_3": {
    "pred_accuracy": 0.6764705882352942,
    "pred_precision": 0.7017543859649122,
    "pred_recall": 0.8888888888888888,
    "pred_f1_score": 0.7843137254901961,
    "exp_accuracy": 0.7794117647058824,
    "exp_precision": 0.7368421052631579,
    "exp_recall": 1.0,
    "exp_f1_score": 0.8484848484848484
  },
  "Run_4": {
    "pred_accuracy": 0.5441176470588235,
    "pred_precision": 0.6458333333333334,
    "pred_recall": 0.6888888888888889,
    "pred_f1_score": 0.6666666666666667,
    "exp_accuracy": 0.7647058823529411,
    "exp_precision": 0.8125,
    "exp_recall": 0.8478260869565217,
    "exp_f1_score": 0.8297872340425533
  },
  "Run_5": {
    "pred_accuracy": 0.6029411764705882,
    "pred_precision": 0.6875,
    "pred_recall": 0.7333333333333333,
    "pred_f1_score": 0.7096774193548386,
    "exp_accuracy": 0.7352941176470589,
    "exp_precision": 0.8333333333333334,
    "exp_recall": 0.8,
    "exp_f1_score": 0.816326530612245
  }
}