{
  "Run_1": {
    "pred_accuracy": 0.6944444444444444,
    "pred_precision": 0.625,
    "pred_recall": 0.6666666666666666,
    "pred_f1_score": 0.6451612903225806,
    "exp_accuracy": 0.7777777777777778,
    "exp_precision": 0.6875,
    "exp_recall": 0.7857142857142857,
    "exp_f1_score": 0.7333333333333334
  },
  "Run_2": {
    "pred_accuracy": 0.7222222222222222,
    "pred_precision": 0.631578947368421,
    "pred_recall": 0.8,
    "pred_f1_score": 0.7058823529411765,
    "exp_accuracy": 0.7777777777777778,
    "exp_precision": 0.7368421052631579,
    "exp_recall": 0.8235294117647058,
    "exp_f1_score": 0.7777777777777778
  },
  "Run_3": {
    "pred_accuracy": 0.7777777777777778,
    "pred_precision": 0.7692307692307693,
    "pred_recall": 0.6666666666666666,
    "pred_f1_score": 0.7142857142857142,
    "exp_accuracy": 0.75,
    "exp_precision": 0.7692307692307693,
    "exp_recall": 0.625,
    "exp_f1_score": 0.6896551724137931
  },
  "Run_4": {
    "pred_accuracy": 0.6388888888888888,
    "pred_precision": 0.5625,
    "pred_recall": 0.6,
    "pred_f1_score": 0.5806451612903225,
    "exp_accuracy": 0.6388888888888888,
    "exp_precision": 0.5625,
    "exp_recall": 0.6,
    "exp_f1_score": 0.5806451612903225
  },
  "Run_5": {
    "pred_accuracy": 0.5,
    "pred_precision": 0.43478260869565216,
    "pred_recall": 0.6666666666666666,
    "pred_f1_score": 0.5263157894736841,
    "exp_accuracy": 0.5,
    "exp_precision": 0.4782608695652174,
    "exp_recall": 0.6470588235294118,
    "exp_f1_score": 0.55
  }
}