{
  "Run_1": {
    "pred_accuracy": 0.39705882352941174,
    "pred_precision": 0.5833333333333334,
    "pred_recall": 0.3111111111111111,
    "pred_f1_score": 0.4057971014492754,
    "exp_accuracy": 0.6617647058823529,
    "exp_precision": 0.9583333333333334,
    "exp_recall": 0.5111111111111111,
    "exp_f1_score": 0.6666666666666666
  },
  "Run_2": {
    "pred_accuracy": 0.4264705882352941,
    "pred_precision": 0.59375,
    "pred_recall": 0.4222222222222222,
    "pred_f1_score": 0.49350649350649345,
    "exp_accuracy": 0.7794117647058824,
    "exp_precision": 0.625,
    "exp_recall": 0.8695652173913043,
    "exp_f1_score": 0.7272727272727273
  },
  "Run_3": {
    "pred_accuracy": 0.4411764705882353,
    "pred_precision": 0.6666666666666666,
    "pred_recall": 0.3111111111111111,
    "pred_f1_score": 0.42424242424242425,
    "exp_accuracy": 0.6764705882352942,
    "exp_precision": 0.9047619047619048,
    "exp_recall": 0.48717948717948717,
    "exp_f1_score": 0.6333333333333333
  },
  "Run_4": {
    "pred_accuracy": 0.5441176470588235,
    "pred_precision": 0.8181818181818182,
    "pred_recall": 0.4,
    "pred_f1_score": 0.537313432835821,
    "exp_accuracy": 0.7205882352941176,
    "exp_precision": 0.9545454545454546,
    "exp_recall": 0.5384615384615384,
    "exp_f1_score": 0.6885245901639344
  },
  "Run_5": {
    "pred_accuracy": 0.47058823529411764,
    "pred_precision": 0.6551724137931034,
    "pred_recall": 0.4222222222222222,
    "pred_f1_score": 0.5135135135135135,
    "exp_accuracy": 0.6176470588235294,
    "exp_precision": 1.0,
    "exp_recall": 0.5272727272727272,
    "exp_f1_score": 0.6904761904761904
  }
}