{
  "Run_1": {
    "pred_accuracy": 0.7777777777777778,
    "pred_precision": 0.6666666666666666,
    "pred_recall": 0.9333333333333333,
    "pred_f1_score": 0.7777777777777778,
    "exp_accuracy": 0.8055555555555556,
    "exp_precision": 0.7142857142857143,
    "exp_recall": 0.9375,
    "exp_f1_score": 0.8108108108108109
  },
  "Run_2": {
    "pred_accuracy": 0.7777777777777778,
    "pred_precision": 0.7058823529411765,
    "pred_recall": 0.8,
    "pred_f1_score": 0.7500000000000001,
    "exp_accuracy": 0.8055555555555556,
    "exp_precision": 0.7647058823529411,
    "exp_recall": 0.8125,
    "exp_f1_score": 0.787878787878788
  },
  "Run_3": {
    "pred_accuracy": 0.8333333333333334,
    "pred_precision": 0.7368421052631579,
    "pred_recall": 0.9333333333333333,
    "pred_f1_score": 0.8235294117647058,
    "exp_accuracy": 0.8611111111111112,
    "exp_precision": 0.7894736842105263,
    "exp_recall": 0.9375,
    "exp_f1_score": 0.8571428571428572
  },
  "Run_4": {
    "pred_accuracy": 0.8888888888888888,
    "pred_precision": 1.0,
    "pred_recall": 0.7333333333333333,
    "pred_f1_score": 0.846153846153846,
    "exp_accuracy": 0.9166666666666666,
    "exp_precision": 1.0,
    "exp_recall": 0.7857142857142857,
    "exp_f1_score": 0.88
  },
  "Run_5": {
    "pred_accuracy": 0.7222222222222222,
    "pred_precision": 0.6190476190476191,
    "pred_recall": 0.8666666666666667,
    "pred_f1_score": 0.7222222222222222,
    "exp_accuracy": 0.8055555555555556,
    "exp_precision": 0.7142857142857143,
    "exp_recall": 0.9375,
    "exp_f1_score": 0.8108108108108109
  }
}