{
  "Run_1": {
    "pred_accuracy": 0.5882352941176471,
    "pred_precision": 0.6888888888888889,
    "pred_recall": 0.6888888888888889,
    "pred_f1_score": 0.6888888888888889,
    "exp_accuracy": 0.7352941176470589,
    "exp_precision": 0.8444444444444444,
    "exp_recall": 0.7755102040816326,
    "exp_f1_score": 0.8085106382978723
  },
  "Run_2": {
    "pred_accuracy": 0.5882352941176471,
    "pred_precision": 0.7741935483870968,
    "pred_recall": 0.5333333333333333,
    "pred_f1_score": 0.631578947368421,
    "exp_accuracy": 0.7794117647058824,
    "exp_precision": 0.8387096774193549,
    "exp_recall": 0.7222222222222222,
    "exp_f1_score": 0.7761194029850746
  },
  "Run_3": {
    "pred_accuracy": 0.6764705882352942,
    "pred_precision": 0.7017543859649122,
    "pred_recall": 0.8888888888888888,
    "pred_f1_score": 0.7843137254901961,
    "exp_accuracy": 0.7794117647058824,
    "exp_precision": 0.7368421052631579,
    "exp_recall": 1.0,
    "exp_f1_score": 0.8484848484848484
  },
  "Run_4": {
    "pred_accuracy": 0.45588235294117646,
    "pred_precision": 0.6,
    "pred_recall": 0.5333333333333333,
    "pred_f1_score": 0.5647058823529412,
    "exp_accuracy": 0.7058823529411765,
    "exp_precision": 0.825,
    "exp_recall": 0.717391304347826,
    "exp_f1_score": 0.7674418604651162
  },
  "Run_5": {
    "pred_accuracy": 0.5882352941176471,
    "pred_precision": 0.673469387755102,
    "pred_recall": 0.7333333333333333,
    "pred_f1_score": 0.702127659574468,
    "exp_accuracy": 0.7205882352941176,
    "exp_precision": 0.8163265306122449,
    "exp_recall": 0.8,
    "exp_f1_score": 0.8080808080808082
  }
}